{
    "fx": 365.383616615,
    "fy": 383.145828595,
    "cx": 319.7500,
    "cy": 191.7500,
    "alpha": -0.6,
    "beta":0.915
}